{
  "clans": {
    "hsstv2": {
      "id": "hsstv2",
      "name": "SlimexTzy",
      "owner": "6285718275389@s.whatsapp.net",
      "members": [
        "6285718275389@s.whatsapp.net",
        "62895378019988@s.whatsapp.net"
      ],
      "resources": {
        "wood": 24,
        "iron": 12,
        "diamond": 6,
        "rock": 16,
        "coal": 4,
        "string": 27
      },
      "artifacts": {
        "grimoire": 0,
        "scepter": 0,
        "crown": 0,
        "gemstone": 0,
        "cloak": 0,
        "spear": 0
      },
      "defenseLevel": 2,
      "attackLevel": 2,
      "exp": 240,
      "level": 1,
      "aegis": 25,
      "basics": 50,
      "activityLog": [
        {
          "message": "Clan \"SlimexTzy\" berhasil dibuat oleh SlimexTzy Assistant.",
          "timestamp": 1738499233674
        },
        {
          "message": "ketlincantik bergabung ke clan.",
          "timestamp": 1738499708847
        },
        {
          "message": "SlimexTzy Assistant promote @62895378019988",
          "timestamp": 1738499921692
        },
        {
          "message": "ketlincantik melakukan jelajah.",
          "timestamp": 1738499941036
        },
        {
          "message": "ketlincantik melakukan nebang.",
          "timestamp": 1738499994091
        },
        {
          "message": "ketlincantik meng-upgrade defense clan.",
          "timestamp": 1738500022893
        },
        {
          "message": "SlimexTzy Assistant melakukan jelajah.",
          "timestamp": 1738568811974
        },
        {
          "message": "SlimexTzy Assistant melakukan nebang.",
          "timestamp": 1738568835382
        },
        {
          "message": "SlimexTzy Assistant meng-upgrade attack clan.",
          "timestamp": 1738568865191
        }
      ],
      "settings": {
        "approval": false
      },
      "bank": 639,
      "profile": null,
      "officers": [
        "62895378019988@s.whatsapp.net"
      ],
      "transferHistory": {},
      "isInWar": false,
      "memberCooldowns": {
        "62895378019988@s.whatsapp.net": 1738499941034,
        "6285718275389@s.whatsapp.net": 1738568811973
      },
      "memberCooldownsV2": {
        "62895378019988@s.whatsapp.net": 1738499994091,
        "6285718275389@s.whatsapp.net": 1738568835382
      },
      "lastWar": 1738500147069
    },
    "pl87bq": {
      "id": "pl87bq",
      "name": "wlee",
      "owner": "62895411405191@s.whatsapp.net",
      "members": [
        "62895411405191@s.whatsapp.net"
      ],
      "resources": {
        "wood": 0,
        "iron": 0,
        "diamond": 0,
        "rock": 0,
        "coal": 0,
        "string": 0
      },
      "artifacts": {
        "grimoire": 0,
        "scepter": 0,
        "crown": 0,
        "gemstone": 0,
        "cloak": 0,
        "spear": 0
      },
      "defenseLevel": 1,
      "attackLevel": 1,
      "exp": 0,
      "level": 1,
      "aegis": 50,
      "basics": 25,
      "activityLog": [
        {
          "message": "Clan \"wlee\" berhasil dibuat oleh iniadit.",
          "timestamp": 1738499253618
        }
      ],
      "settings": {
        "approval": false
      },
      "bank": 0,
      "profile": null,
      "officers": [],
      "transferHistory": {},
      "isInWar": false,
      "lastWar": 1738500147069
    },
    "2nkcsc": {
      "id": "2nkcsc",
      "name": "creamteam",
      "owner": "6287741903814@s.whatsapp.net",
      "members": [
        "6287741903814@s.whatsapp.net"
      ],
      "resources": {
        "wood": 0,
        "iron": 0,
        "diamond": 0,
        "rock": 0,
        "coal": 0,
        "string": 0
      },
      "artifacts": {
        "grimoire": 0,
        "scepter": 0,
        "crown": 0,
        "gemstone": 0,
        "cloak": 0,
        "spear": 0
      },
      "defenseLevel": 1,
      "attackLevel": 1,
      "exp": 0,
      "level": 1,
      "aegis": 50,
      "basics": 25,
      "activityLog": [
        {
          "message": "Clan \"creamteam\" berhasil dibuat oleh Jezra Putra Atmaja.",
          "timestamp": 1739034347236
        }
      ],
      "settings": {
        "approval": false
      },
      "bank": 0,
      "profile": null,
      "officers": [],
      "transferHistory": {}
    }
  },
  "members": {
    "6285718275389@s.whatsapp.net": "hsstv2",
    "62895411405191@s.whatsapp.net": "pl87bq",
    "62895378019988@s.whatsapp.net": "hsstv2",
    "6287741903814@s.whatsapp.net": "2nkcsc"
  }
}